Time,UHR_MAER_EnKF,UHR_MAE_EnKF,UHR_SSIMLoss_EnKF_Gauss_11,UHR_SSIMLoss_EnKF_Rect_11,UHR_SSIMLoss_EnKF_Gauss_21,UHR_SSIMLoss_EnKF_Rect_21,UHR_SSIMLoss_EnKF_Gauss_31,UHR_SSIMLoss_EnKF_Rect_31,UHR_SSIMLoss_EnKF_Gauss_51,UHR_SSIMLoss_EnKF_Rect_51,UHR_SSIMLoss_EnKF_Gauss_71,UHR_SSIMLoss_EnKF_Rect_71,UHR_MAER_EnKF(HR),UHR_MAE_EnKF(HR),UHR_SSIMLoss_EnKF(HR)_Gauss_11,UHR_SSIMLoss_EnKF(HR)_Rect_11,UHR_SSIMLoss_EnKF(HR)_Gauss_21,UHR_SSIMLoss_EnKF(HR)_Rect_21,UHR_SSIMLoss_EnKF(HR)_Gauss_31,UHR_SSIMLoss_EnKF(HR)_Rect_31,UHR_SSIMLoss_EnKF(HR)_Gauss_51,UHR_SSIMLoss_EnKF(HR)_Rect_51,UHR_SSIMLoss_EnKF(HR)_Gauss_71,UHR_SSIMLoss_EnKF(HR)_Rect_71,UHR_MAER_SRDA,UHR_MAE_SRDA,UHR_SSIMLoss_SRDA_Gauss_11,UHR_SSIMLoss_SRDA_Rect_11,UHR_SSIMLoss_SRDA_Gauss_21,UHR_SSIMLoss_SRDA_Rect_21,UHR_SSIMLoss_SRDA_Gauss_31,UHR_SSIMLoss_SRDA_Rect_31,UHR_SSIMLoss_SRDA_Gauss_51,UHR_SSIMLoss_SRDA_Rect_51,UHR_SSIMLoss_SRDA_Gauss_71,UHR_SSIMLoss_SRDA_Rect_71,HR_MAER_EnKF,HR_MAE_EnKF,HR_SSIMLoss_EnKF_Gauss_11,HR_SSIMLoss_EnKF_Rect_11,HR_MAER_EnKF(HR),HR_MAE_EnKF(HR),HR_SSIMLoss_EnKF(HR)_Gauss_11,HR_SSIMLoss_EnKF(HR)_Rect_11,HR_MAER_SRDA,HR_MAE_SRDA,HR_SSIMLoss_SRDA_Gauss_11,HR_SSIMLoss_SRDA_Rect_11,LR_MAER_EnKF,LR_MAE_EnKF,LR_SSIMLoss_EnKF_Gauss_11,LR_SSIMLoss_EnKF_Rect_11,LR_MAER_EnKF(HR),LR_MAE_EnKF(HR),LR_SSIMLoss_EnKF(HR)_Gauss_11,LR_SSIMLoss_EnKF(HR)_Rect_11,LR_MAER_SRDA,LR_MAE_SRDA,LR_SSIMLoss_SRDA_Gauss_11,LR_SSIMLoss_SRDA_Rect_11
0.0,0.2587779,0.53460693,0.27232158,0.2794482,0.2941134,0.27889973,0.28699553,0.24956489,0.25586408,0.19740146,0.22323751,0.15502733,0.25092945,0.51839286,0.2725516,0.28038168,0.2951033,0.28109127,0.28861314,0.25137526,0.25786787,0.19716483,0.22456169,0.1532476,,,,,,,,,,,,,0.2650558,0.55036855,0.20779973,0.1295138,0.25631905,0.5322273,0.20938718,0.12794346,,,,,0.26487377,0.538042,0.024968743,0.008604705,0.26265433,0.53353363,0.024151862,0.008073151,,,,
0.25,0.08217589,0.1603475,0.0005052686,0.002886355,0.0027873516,0.0074242353,0.004755914,0.009494126,0.007621944,0.009895861,0.008766115,0.008916438,0.0468643,0.091445,0.00046783686,0.0019754767,0.0020287633,0.005017221,0.003250122,0.006426692,0.0051068664,0.0065003037,0.005804181,0.005455196,,,,,,,,,,,,,0.08198435,0.15962873,0.008554876,0.007297337,0.046180435,0.089916244,0.006670177,0.004830122,,,,,0.083560064,0.15782322,0.0016798377,0.0008594394,0.048833266,0.09223334,0.00067204237,0.00029957294,,,,
0.5,0.07844038,0.15618758,0.00065767765,0.0023812652,0.002044022,0.005351007,0.0034489036,0.0069425106,0.005548477,0.007472098,0.0064690113,0.00683558,0.03980497,0.07925817,0.00029408932,0.0012228489,0.0012081861,0.002822578,0.0018339157,0.0038095117,0.0029292107,0.004161954,0.0034835339,0.0036938787,,,,,,,,,,,,,0.07825776,0.15549554,0.008646548,0.007230699,0.03921302,0.07791495,0.0033956766,0.0029397607,,,,,0.08408288,0.16201985,0.0015833378,0.000808239,0.041995067,0.08092057,0.0006378293,0.00023829937,,,,
0.75,0.07899953,0.16052617,0.00033301115,0.0019721389,0.0018119812,0.004566312,0.0029972792,0.005884409,0.004733026,0.006472707,0.0055256486,0.0059689283,0.037731245,0.07666948,0.00014096498,0.00091683865,0.0009264946,0.0019997358,0.0013263226,0.0027617812,0.0020944476,0.0032209158,0.002558589,0.0029286742,,,,,,,,,,,,,0.07878392,0.15977709,0.005043149,0.004631877,0.03735453,0.07575655,0.002462089,0.0021463037,,,,,0.08631748,0.16976498,0.001809597,0.00097316504,0.040486317,0.0796265,0.00048965216,0.00020575523,,,,
1.0,0.08834844,0.18315704,0.00030052662,0.0021193027,0.0020356774,0.00511384,0.0033581257,0.0067825317,0.0053830743,0.007851422,0.0064234734,0.0072957873,0.07532203,0.15615171,0.00056272745,0.0017287135,0.0017229915,0.0038930178,0.002572596,0.005610466,0.0042791367,0.007126391,0.0054842234,0.0068392754,0.039598405,0.0820923,-0.00027894974,0.0006480813,0.00085890293,0.0017158985,0.0011788011,0.0023697615,0.0018121004,0.0027781725,0.0022065043,0.0024724603,0.08823691,0.18260522,0.008139849,0.006780863,0.07480936,0.15481706,0.00587672,0.005902469,0.039788783,0.0823424,0.0016496181,0.002012372,0.09313519,0.187033,0.0023362637,0.0012818575,0.07673695,0.15410224,0.0022340417,0.00096446276,0.044751093,0.08986862,0.00043934584,0.00022351742
1.25,0.090770796,0.19192289,0.0009249449,0.002599597,0.0020825863,0.005085826,0.0033832192,0.0067077875,0.005335808,0.0078077316,0.006333232,0.007192433,0.07297125,0.15428808,0.0004416108,0.0016165376,0.001637578,0.003650546,0.002423048,0.005242586,0.004014492,0.006700039,0.0051437616,0.0064514875,0.041559387,0.08787185,-0.0005272627,0.0005213618,0.0008946061,0.0018022656,0.0012267828,0.002520144,0.0019032955,0.0030326247,0.0023426414,0.002681315,0.09063999,0.1913351,0.006369114,0.0056094527,0.072424576,0.15288353,0.0034563541,0.00470227,0.04161773,0.0878523,0.0017794967,0.0020323396,0.0957272,0.19622195,0.0019430518,0.0012776852,0.07489224,0.15351437,0.0018664002,0.0008445978,0.046527,0.0953712,0.0005377531,0.00026714802
1.5,0.095588855,0.2060505,0.00031590462,0.0023089051,0.002295494,0.0055022836,0.0036821365,0.0072740316,0.0057755113,0.008510649,0.0068606734,0.0077709556,0.07629492,0.16446066,3.963709e-05,0.0014327168,0.0017854571,0.004006803,0.002661109,0.005722463,0.004399061,0.0071807504,0.005590856,0.006813407,0.04802665,0.10352583,0.00059878826,0.0013972521,0.001014173,0.0021045804,0.0014139414,0.002983272,0.002231419,0.0035960674,0.002753973,0.0031548738,0.09545736,0.20544378,0.0056502223,0.005903721,0.075828284,0.163198,0.0057759285,0.0058356524,0.048190754,0.103716366,0.0031531453,0.0027400255,0.1001485,0.20937516,0.0020735264,0.0015220642,0.078869544,0.16488837,0.002439499,0.0011877418,0.053191446,0.111204535,0.0011125207,0.0005404353
1.75,0.10288582,0.22601864,0.00030052662,0.002537191,0.0026893616,0.006434977,0.004298091,0.008625686,0.006808579,0.0101802945,0.008150756,0.009168208,0.08323845,0.18285748,0.00043570995,0.0019487143,0.0020913482,0.0047429204,0.0031467676,0.0067749023,0.005206406,0.008392274,0.00656718,0.007877588,0.05289571,0.11620082,-0.0005313158,0.00068873167,0.0011799932,0.0025653243,0.001691103,0.0036854744,0.0027248263,0.004374206,0.003344655,0.0036985278,0.10271793,0.22534943,0.008751273,0.007823288,0.08279035,0.18163098,0.008766055,0.0075930357,0.052810773,0.115859784,0.003842175,0.0032756925,0.10662274,0.2274574,0.003117025,0.002035141,0.08564572,0.18270731,0.002910614,0.0015801787,0.05856379,0.12493365,0.0012716651,0.0006444454
2.0,0.109565526,0.2451987,0.00037050247,0.0028609633,0.0030525923,0.007362187,0.0048900843,0.009919167,0.0077742934,0.011712074,0.009349227,0.010620236,0.10104829,0.22613783,0.0009009838,0.002716124,0.0027082562,0.006349385,0.0041323304,0.009231269,0.0069417953,0.011299729,0.008693695,0.010271132,0.05242259,0.11731748,0.00010871887,0.0011066198,0.0010778308,0.0021666884,0.0014871955,0.003026545,0.0022814274,0.0035827756,0.0027728677,0.0031604767,0.10939325,0.24458933,0.01089406,0.009233415,0.100710906,0.22517672,0.01180023,0.010595918,0.052651357,0.11772171,0.0027564168,0.0028341413,0.11433485,0.24906032,0.0037587285,0.0024681091,0.10544275,0.22969028,0.004343152,0.002460897,0.058248498,0.1268851,0.0010748506,0.00059354305
2.25,0.112443484,0.25625566,0.00053060055,0.0032209754,0.0033837557,0.008113444,0.005417049,0.010982931,0.008642137,0.0129932165,0.010408998,0.01167351,0.098951116,0.22550692,0.0010986328,0.0027375817,0.0026417375,0.0060813427,0.003982842,0.008826613,0.006640315,0.010868013,0.008311391,0.009928942,0.063879795,0.14558032,0.00016254187,0.0012209415,0.0013920069,0.0030004382,0.0019973516,0.0042778254,0.003180325,0.005157113,0.003909707,0.004576564,0.11209131,0.2553447,0.012506545,0.010342896,0.098591074,0.22459106,0.008364141,0.0084638,0.06402262,0.14584392,0.005269587,0.004567802,0.11626078,0.25878027,0.0041288733,0.0027551055,0.10321553,0.22974336,0.0037635565,0.0023502707,0.06857624,0.15264113,0.0018619895,0.0010364652
2.5,0.12019142,0.27883208,0.0008139014,0.0038154721,0.004019499,0.009617329,0.0064266324,0.013089716,0.010302722,0.01546663,0.012439489,0.013908029,0.09903734,0.22975673,0.00062829256,0.0024784207,0.002850473,0.006490886,0.004278362,0.009335101,0.0070559382,0.011495292,0.008788049,0.0105679035,0.07354857,0.17062533,0.0003476143,0.0017179251,0.0017848611,0.004011035,0.002646625,0.005781412,0.004317522,0.0070584416,0.005336225,0.006327927,0.11981824,0.27797008,0.012634516,0.011401594,0.09860733,0.22876222,0.009982169,0.009848237,0.073598705,0.17074394,0.004753828,0.0051105022,0.1235841,0.2812481,0.005335629,0.0035393834,0.10325366,0.23498085,0.004312873,0.0027279258,0.07797735,0.17745796,0.0021376014,0.0012639165
2.75,0.13170886,0.31092268,0.00215137,0.005513072,0.005055845,0.0121616125,0.008103251,0.016681135,0.013116837,0.01974976,0.015927672,0.017742157,0.10678129,0.25207663,0.0011098385,0.003257811,0.0034261346,0.0077990294,0.0051715374,0.01106596,0.008431196,0.013491988,0.010398567,0.01240164,0.086190835,0.20346911,0.00048029423,0.002382815,0.0026232004,0.0061510205,0.0040248036,0.008833885,0.006661594,0.010729551,0.008230448,0.00968045,0.1312744,0.30990538,0.0187608,0.015670538,0.106382646,0.2511423,0.01122427,0.010863543,0.0860528,0.20314871,0.010049343,0.008801043,0.13490416,0.31393236,0.008212686,0.004963815,0.11037239,0.25684503,0.0061529875,0.003682971,0.09105608,0.2118945,0.004098654,0.0022611022
3.0,0.13622153,0.32710624,0.0020586252,0.006056607,0.005841732,0.014405608,0.009485602,0.019924223,0.015582085,0.023601472,0.019018114,0.021221578,0.10476599,0.25157264,0.0013360977,0.0033439398,0.0032399297,0.0074307323,0.004896581,0.010491848,0.007971942,0.012393355,0.009708762,0.011169791,0.07022162,0.16862188,0.00041806698,0.001626432,0.00164783,0.00344795,0.002346754,0.0047850013,0.003665328,0.0056994557,0.0044389963,0.005158484,0.13594083,0.32632542,0.019940197,0.017581642,0.10440422,0.2506219,0.0106573105,0.00968039,0.070516154,0.16927375,0.0055994987,0.0050807,0.13664223,0.32505476,0.008179069,0.0048252344,0.10613048,0.25247112,0.005010724,0.0027188659,0.072561905,0.17261569,0.002388239,0.0013828278
3.25,0.15177551,0.37057388,0.0022098422,0.0073978305,0.007575035,0.018631399,0.012291551,0.025597692,0.020144105,0.029839396,0.024423957,0.026848197,0.106723204,0.26057452,0.0014081001,0.0036996007,0.0036749244,0.008485496,0.005600393,0.011745036,0.008990288,0.013511717,0.010753632,0.012023807,0.08359617,0.20410775,0.0005406141,0.002161324,0.0023062825,0.0050949454,0.0034149885,0.007036209,0.0053778887,0.008209765,0.0064430833,0.0073946714,0.1515723,0.36994588,0.026352167,0.02284205,0.10628419,0.2594102,0.0114476085,0.010503709,0.08386973,0.20470272,0.0077040195,0.006869495,0.1515334,0.36876446,0.01131773,0.006718576,0.10660115,0.2594195,0.004870236,0.0027412176,0.08447596,0.20557667,0.0032362342,0.0019183159
3.5,0.17697316,0.43915063,0.003960073,0.011060894,0.010829866,0.026432872,0.01756692,0.036083937,0.028710544,0.041854978,0.03477019,0.038092136,0.116971515,0.29025933,0.0019196868,0.0049058795,0.0049306154,0.011497557,0.007646203,0.01554656,0.01215148,0.017470717,0.014337063,0.0154367685,0.099659204,0.24729966,0.0016151071,0.00389117,0.003784895,0.008629143,0.0057952404,0.011565626,0.009049237,0.013010025,0.010589957,0.011702538,0.17678446,0.4386758,0.037210524,0.032547414,0.11651143,0.2891133,0.014663577,0.012920797,0.09976106,0.2475487,0.011907518,0.010648966,0.17773025,0.44278008,0.016766727,0.009684265,0.11519403,0.28698334,0.0063494444,0.003518939,0.10087464,0.2513094,0.0047510862,0.0028614402
3.75,0.20953111,0.52812517,0.006646991,0.01677072,0.01614207,0.038806736,0.026080072,0.05250162,0.042299032,0.061060607,0.051224053,0.056423724,0.13580361,0.34229428,0.003587246,0.0077924132,0.0073063374,0.016986907,0.011438489,0.022464633,0.017918825,0.024761677,0.02090919,0.021825135,0.11515077,0.29023862,0.0030289888,0.0070841312,0.006865561,0.0151366,0.01052326,0.019354701,0.015809,0.021095037,0.018057466,0.019214094,0.20950186,0.5280729,0.05779499,0.05002594,0.1354745,0.34147865,0.02101332,0.017958164,0.115193956,0.29035926,0.019017756,0.016905785,0.20813964,0.5289953,0.023786008,0.013481379,0.13580756,0.34516037,0.009940863,0.0054684877,0.11535671,0.2931837,0.008668423,0.0050332546
4.0,0.18356077,0.46957403,0.0063533187,0.017184913,0.016552389,0.04121548,0.027254999,0.05581075,0.044552207,0.06339836,0.053732574,0.056336403,0.10005771,0.25596157,0.0020847917,0.005174339,0.005038798,0.011004865,0.007610202,0.013851047,0.011281192,0.014316201,0.012697339,0.01212424,0.07883002,0.20165817,0.0011645555,0.0038995147,0.0041981936,0.008979797,0.00628531,0.010950506,0.00905782,0.010612845,0.009866893,0.008615434,0.1836519,0.46982798,0.057837486,0.04629904,0.09954715,0.25466678,0.011473894,0.009270191,0.07913866,0.2024567,0.011875212,0.0078073144,0.18695295,0.4795115,0.017894864,0.009061277,0.099640146,0.2555648,0.004718542,0.0025955439,0.079944424,0.2050477,0.0034717917,0.002003491
4.25,0.21478403,0.5569936,0.009715617,0.025096059,0.024286032,0.057819188,0.03917122,0.077009976,0.06252271,0.087127864,0.07485139,0.07767421,0.10462509,0.27132142,0.0029075742,0.0070021152,0.0068122745,0.014309049,0.010204136,0.017430961,0.014599144,0.017636478,0.01611197,0.014858425,0.09468763,0.24555087,0.0028359294,0.006643653,0.0064222217,0.0133215785,0.00955528,0.015857816,0.013380468,0.015301883,0.014391601,0.012468874,0.21486242,0.5572543,0.08115822,0.06461662,0.10425817,0.27039775,0.0163486,0.012452364,0.09495608,0.2462724,0.014898241,0.010531843,0.21558993,0.55870324,0.023944497,0.011940539,0.104824275,0.27165306,0.006057203,0.003076911,0.092604294,0.23998487,0.004499793,0.002575457
4.5,0.25945374,0.6809543,0.015678287,0.037410438,0.03571105,0.07967836,0.055680454,0.10420966,0.08592254,0.11765981,0.10191119,0.105889976,0.11458587,0.30073854,0.0048552155,0.010954678,0.010521352,0.020797849,0.01542449,0.024245918,0.020981729,0.023663342,0.022462547,0.020174503,0.12012622,0.31527957,0.0054870844,0.012777388,0.01219058,0.024122536,0.017867982,0.028169215,0.02432698,0.027349591,0.025944233,0.02298534,0.25957417,0.6813425,0.11006284,0.088849366,0.11424512,0.29987594,0.021788955,0.01655382,0.12038131,0.31598252,0.025985062,0.019192755,0.26277742,0.69207877,0.03963673,0.02004379,0.11461691,0.3018674,0.008338809,0.004228115,0.12325495,0.32461745,0.008870721,0.0048156977
4.75,0.31172562,0.8262747,0.024326265,0.05551064,0.052899837,0.11192,0.080346584,0.14311957,0.12028885,0.15882331,0.14062011,0.14363974,0.12765524,0.338369,0.007824719,0.01740557,0.01675272,0.031117678,0.023973584,0.034624875,0.030956209,0.03291869,0.032240927,0.028402507,0.15290281,0.40529144,0.009902716,0.022868216,0.022015333,0.041409552,0.031699598,0.047181606,0.041937947,0.046124518,0.044396758,0.040654182,0.31171748,0.8264325,0.15018308,0.12238306,0.12739302,0.3377473,0.030748487,0.023799121,0.15325543,0.4063143,0.043899417,0.035544276,0.3123187,0.82588935,0.05721146,0.029054284,0.12596227,0.33309212,0.010913193,0.005430758,0.15086553,0.39894578,0.018073916,0.0089457035
5.0,0.33739796,0.90048337,0.035811484,0.08031237,0.07637358,0.15708596,0.11447805,0.1974001,0.16785145,0.21333236,0.1933245,0.18876839,0.10904338,0.2910265,0.008194625,0.01729691,0.016525388,0.027902603,0.022484422,0.029008746,0.026702821,0.02573961,0.026301026,0.021803677,0.12135598,0.32388768,0.009884,0.022319078,0.021667182,0.037306845,0.029800236,0.040042996,0.03673905,0.036818564,0.037154675,0.03169626,0.33754393,0.90099335,0.20421177,0.15998453,0.108921334,0.29073963,0.026171327,0.018903434,0.12198182,0.3256015,0.036690235,0.02762252,0.33980775,0.91073614,0.07413185,0.034582913,0.10612622,0.28443432,0.008893847,0.004214585,0.120483056,0.3229128,0.015011489,0.0072035193
5.25,0.40163466,1.0746733,0.04721743,0.104368925,0.09986377,0.2011059,0.14806837,0.25377738,0.21621221,0.28322917,0.25152993,0.26108903,0.11846487,0.31698218,0.011835754,0.024593413,0.023881257,0.039334238,0.032011807,0.040709496,0.03766048,0.035713494,0.036869764,0.029531896,0.14286514,0.38227114,0.014017761,0.030402422,0.029114604,0.05026436,0.04001397,0.05476463,0.049741745,0.05167085,0.050982356,0.045125365,0.4015756,1.0747106,0.26966834,0.22828221,0.118417494,0.31691304,0.034633934,0.024495661,0.14344773,0.3838998,0.05194354,0.04021156,0.40147296,1.0768633,0.10854322,0.047526658,0.12075772,0.32390615,0.013035953,0.0055161715,0.14629288,0.3923986,0.022308588,0.0098237395
5.5,0.45847902,1.2241634,0.058123767,0.12603599,0.12039024,0.23973286,0.17750943,0.3031448,0.2589628,0.3439126,0.3026486,0.3257588,0.13959493,0.3727259,0.01540345,0.033191323,0.0324921,0.055005252,0.043990016,0.05807376,0.052882195,0.05119431,0.052244127,0.04285097,0.1626366,0.43424836,0.017344415,0.037419558,0.03582096,0.06327808,0.049760282,0.069665134,0.062680006,0.06550294,0.064388275,0.056580365,0.45882827,1.2253386,0.32532334,0.29210514,0.13985154,0.37348503,0.0503518,0.036804795,0.16332544,0.436174,0.06211561,0.049115658,0.46520275,1.2476555,0.14922535,0.06125194,0.14216135,0.38127118,0.017568707,0.006905377,0.16552714,0.44393727,0.026131809,0.010740399
5.75,0.4848393,1.2876836,0.06270617,0.13499308,0.12866336,0.2569623,0.18929893,0.3252942,0.27577764,0.3691858,0.32213324,0.35105604,0.17015572,0.45191622,0.020649374,0.043919504,0.04210472,0.07437551,0.0582543,0.08055282,0.07226026,0.07339442,0.07310915,0.06294328,0.19164231,0.5089824,0.02284199,0.049325228,0.047131598,0.08458173,0.065876424,0.093922436,0.083551586,0.08784443,0.086042345,0.07586318,0.48486283,1.2876891,0.34671867,0.31761485,0.1708472,0.4537326,0.073390424,0.055743694,0.1926833,0.5117245,0.08744109,0.067270756,0.48234642,1.2742062,0.15362322,0.05994302,0.17104033,0.45183426,0.02471149,0.008896649,0.18688269,0.49368477,0.030487597,0.011924863
6.0,0.45083195,1.1881946,0.0586946,0.13034481,0.1238547,0.25325018,0.18433458,0.31751335,0.26855373,0.34856248,0.31029844,0.31860244,0.16096261,0.42422664,0.019393682,0.041950524,0.039829195,0.07032019,0.054774106,0.07514721,0.06736827,0.068296194,0.06802958,0.05886662,0.18972573,0.50003356,0.022387862,0.049306512,0.047235847,0.08471727,0.065699995,0.092440784,0.08240247,0.08384287,0.08391011,0.07014662,0.450856,1.1889659,0.32978702,0.27907866,0.16132767,0.42544204,0.067623794,0.05161029,0.19080439,0.503176,0.084226966,0.060768247,0.43893287,1.158941,0.1279651,0.048919797,0.15360267,0.40556645,0.01818037,0.006765604,0.18223241,0.48115927,0.024112463,0.0095924735
6.25,0.48379147,1.262633,0.06228441,0.14126486,0.13318968,0.27670652,0.19980508,0.34832525,0.2933684,0.3835724,0.33999884,0.34849542,0.17919892,0.46768594,0.022123277,0.04950261,0.046960056,0.085446835,0.066235006,0.09244847,0.082865775,0.08165431,0.08284992,0.06815982,0.20835187,0.5437713,0.025552213,0.056746066,0.053636253,0.0990091,0.075832546,0.10911286,0.09678316,0.098579586,0.09864092,0.08150035,0.4840641,1.2635375,0.3621425,0.30332017,0.17955227,0.46867973,0.08425832,0.059699297,0.20930912,0.5463531,0.09739733,0.069085956,0.4868813,1.2865261,0.13450134,0.05038327,0.18865845,0.49850756,0.025109708,0.009076953,0.2128702,0.56248426,0.029943585,0.011911154
6.5,0.5023628,1.2994053,0.05902773,0.13723677,0.12874597,0.27311146,0.19501257,0.34421927,0.28841978,0.37193173,0.332224,0.33413392,0.19480154,0.5038712,0.023186922,0.054314077,0.05159223,0.09752822,0.07406914,0.10576147,0.09372288,0.09182078,0.093670726,0.07404894,0.2288539,0.5919506,0.026782334,0.062144756,0.058666766,0.11317241,0.08491856,0.12673265,0.11058271,0.113450825,0.113126814,0.091460764,0.50292885,1.301805,0.34984452,0.29101998,0.19576347,0.5067235,0.09101659,0.062820435,0.2303304,0.5961982,0.11142415,0.07704651,0.50413465,1.3233833,0.12213653,0.047144473,0.18615691,0.48867294,0.02227515,0.008031368,0.22510977,0.5909265,0.02878064,0.010994375
6.75,0.5157527,1.3190883,0.054902732,0.1299355,0.121305466,0.2616495,0.18515968,0.32812887,0.27416062,0.3515939,0.3134709,0.31652445,0.20349696,0.5204635,0.023756206,0.05691284,0.053613126,0.10532647,0.07849234,0.114778996,0.10095298,0.09606397,0.100114465,0.076194346,0.2604173,0.6660429,0.02986294,0.0710662,0.066960394,0.13512295,0.09927052,0.15522265,0.13431191,0.14292318,0.14072138,0.11822355,0.51589334,1.3212972,0.33079988,0.2762643,0.20461096,0.52404606,0.09618449,0.06360626,0.26153654,0.66984284,0.14189851,0.10035628,0.52213234,1.3536284,0.121287644,0.048206985,0.1953559,0.5064603,0.021614611,0.007755697,0.2610383,0.67674196,0.040874243,0.014841437
7.0,0.4336371,1.0980027,0.048603296,0.11782038,0.10987055,0.23884565,0.16886938,0.29630983,0.24820608,0.30937427,0.27958775,0.26686966,0.20085524,0.508581,0.021741807,0.052551925,0.049384713,0.09708518,0.0727607,0.10336059,0.091898024,0.08564961,0.09000206,0.06797373,0.24696673,0.62533885,0.028041482,0.0684855,0.06414235,0.13093883,0.096229196,0.14867198,0.12962246,0.13410425,0.13460028,0.10836333,0.43444586,1.100862,0.29009026,0.22521263,0.20189328,0.51158655,0.08708918,0.056589007,0.24824099,0.6290291,0.13391191,0.08982241,0.45065036,1.168807,0.092933655,0.0360471,0.20010673,0.5189969,0.02149415,0.008049786,0.2521667,0.65401965,0.0360893,0.012925327
7.25,0.44005132,1.1065649,0.0444687,0.108766854,0.1007396,0.2239474,0.15640897,0.280859,0.23298615,0.2946127,0.2637018,0.257262,0.20102713,0.50550824,0.017840147,0.044724464,0.042115927,0.08648884,0.06318772,0.096045315,0.08304244,0.083327234,0.0838604,0.06582457,0.24439938,0.6145733,0.024142683,0.060513437,0.05645454,0.120208144,0.086226106,0.14114505,0.120211005,0.13306546,0.12838364,0.110340536,0.44043458,1.1081252,0.27474332,0.22043973,0.20228848,0.50895405,0.08218956,0.05435717,0.2450485,0.61653745,0.12907308,0.0925889,0.46355107,1.1770837,0.09165692,0.034303784,0.19585937,0.49734083,0.019342065,0.0073780417,0.24275592,0.6164241,0.034295917,0.0114609
7.5,0.4522434,1.1333959,0.040914714,0.10384393,0.09637833,0.22126561,0.15223724,0.28086698,0.23131502,0.30161148,0.2652982,0.27083117,0.20434818,0.51212996,0.016052604,0.041815758,0.039114535,0.08529419,0.060311437,0.09829861,0.08323699,0.08792013,0.08638275,0.07086241,0.24057218,0.60291326,0.021382213,0.055393517,0.051392555,0.11417228,0.080007195,0.13696754,0.115193665,0.13233942,0.12526178,0.112145245,0.45234248,1.1346382,0.2800659,0.23627096,0.2053874,0.5151857,0.086241424,0.059317112,0.24127176,0.60519665,0.12675935,0.09530896,0.46504965,1.1723285,0.096176565,0.033616126,0.20660956,0.5208353,0.020441413,0.0071486235,0.24749583,0.62390417,0.03634721,0.011576235
7.75,0.44392207,1.1080574,0.03704965,0.094757736,0.088222444,0.2058562,0.14068699,0.265171,0.21697545,0.2919119,0.25331825,0.26537168,0.20325048,0.50732595,0.016830325,0.04397434,0.04100299,0.09019989,0.06371844,0.1046893,0.0891245,0.09633404,0.09369743,0.07875985,0.25167125,0.62818724,0.021661758,0.056027174,0.051895916,0.1164521,0.081163704,0.1412822,0.11805922,0.14040333,0.12977302,0.12001997,0.44403794,1.1092108,0.27119213,0.23172659,0.20405653,0.5097351,0.09429723,0.065500855,0.2524119,0.63052726,0.13365173,0.102381945,0.44063482,1.1002985,0.0873552,0.030969083,0.20439415,0.51038766,0.02359134,0.007564962,0.24984303,0.623877,0.03568703,0.012065411
8.0,0.33460698,0.8345986,0.028243005,0.074557126,0.068904996,0.16482872,0.111368716,0.21117276,0.17251337,0.22325832,0.19891578,0.19423276,0.1893156,0.47220334,0.014305115,0.03825462,0.03570831,0.079553664,0.055707455,0.09368074,0.07928407,0.08738804,0.08476931,0.071513,0.23083922,0.57577425,0.018526733,0.049098015,0.045383036,0.10543716,0.072265744,0.12870717,0.10670155,0.12491077,0.11722571,0.104264736,0.3345648,0.83494115,0.20974243,0.16464067,0.18967253,0.47334746,0.08731973,0.060378194,0.23164406,0.57809174,0.12160635,0.08782244,0.3411815,0.8574156,0.061420202,0.02019322,0.18898551,0.4749353,0.01996994,0.0068684816,0.23233771,0.58388275,0.030204117,0.010118604
8.25,0.3366407,0.83907306,0.026146948,0.07049143,0.065473676,0.16005325,0.107007384,0.20849359,0.16889095,0.22761881,0.19861454,0.20098382,0.18458572,0.46007782,0.012818694,0.035030723,0.03265655,0.07471335,0.051716745,0.08875173,0.07470107,0.0837419,0.080509484,0.067986965,0.22599097,0.5632799,0.016945124,0.045565605,0.042076647,0.099247515,0.067537844,0.12193799,0.1007306,0.12039405,0.112048626,0.10102159,0.3369301,0.84023964,0.2122249,0.16940194,0.18515436,0.4617398,0.08102542,0.05566573,0.2262458,0.56421405,0.11594343,0.083642244,0.3382569,0.84668,0.059845388,0.01947558,0.1849716,0.46299648,0.01884222,0.0061714053,0.23073623,0.57754844,0.029804647,0.009659052
8.5,0.3434978,0.8544481,0.023467004,0.06396562,0.059713066,0.14764315,0.09815961,0.19410002,0.15618086,0.21332014,0.18457913,0.1918028,0.18087858,0.44993404,0.011554301,0.03212458,0.029865801,0.0699206,0.04773128,0.08458161,0.070292294,0.08073062,0.07696819,0.06531966,0.22706434,0.56482077,0.016370356,0.04482478,0.04156339,0.09999198,0.067427754,0.12510878,0.10304618,0.12544674,0.116918385,0.104574144,0.34355837,0.8550617,0.20096117,0.16547775,0.18159941,0.4519718,0.078255475,0.053173125,0.22778735,0.5669262,0.122467995,0.08642155,0.34426337,0.8610452,0.060804248,0.02038157,0.18356209,0.45911142,0.018513262,0.0059933066,0.23846518,0.59643084,0.030444741,0.010039747
8.75,0.36166403,0.8969999,0.02179128,0.059857786,0.055573344,0.14190567,0.092464685,0.19028974,0.1508382,0.213696,0.18119574,0.19609636,0.17534073,0.43488047,0.009631276,0.027585864,0.025761366,0.062249362,0.041707218,0.07658625,0.06285977,0.07353765,0.069560766,0.060010016,0.24805526,0.6152272,0.0154262185,0.042806804,0.03967637,0.09770143,0.0647704,0.12438083,0.101061404,0.12680048,0.11592585,0.10805839,0.36184138,0.89804184,0.19782948,0.17154276,0.1760037,0.43681762,0.072995424,0.04992324,0.2482561,0.6161384,0.12231994,0.090723634,0.36379543,0.9136583,0.0668605,0.02279675,0.17988743,0.45178038,0.016970575,0.0058842897,0.24865545,0.62448865,0.032062173,0.0111092925
9.0,0.29519376,0.72911,0.018576145,0.05127895,0.04732132,0.11949456,0.07829988,0.1568706,0.12542814,0.17121744,0.1481328,0.15087372,0.15770453,0.3895203,0.00855577,0.023897707,0.022107422,0.05386412,0.035949707,0.06618315,0.054249525,0.06337839,0.059779227,0.05078852,0.2175671,0.53737706,0.013107181,0.037146628,0.03440821,0.08637661,0.05669737,0.11091548,0.08907288,0.11532277,0.102746785,0.09732133,0.29549927,0.7302279,0.15851814,0.12669623,0.1582021,0.39094374,0.061457336,0.040826738,0.21811758,0.53900486,0.10955125,0.07957965,0.30045682,0.7492967,0.04397136,0.015896976,0.15692246,0.3913424,0.01304841,0.0048826933,0.22236735,0.5545527,0.025336325,0.009007394
9.25,0.302852,0.7464277,0.016655624,0.046500444,0.042743444,0.11023271,0.07122803,0.1478281,0.11643827,0.16687268,0.14010811,0.14913726,0.1530799,0.37729016,0.0070901513,0.020112813,0.01862061,0.047425985,0.030896783,0.060577273,0.048675954,0.06129855,0.05565995,0.050403118,0.21614589,0.53272647,0.01142776,0.032821238,0.030405521,0.07793617,0.050532997,0.10179287,0.08089036,0.10925323,0.095053315,0.094996035,0.30302086,0.74718076,0.15329498,0.12656718,0.15373756,0.37908196,0.060327232,0.041567385,0.21665345,0.5342183,0.10058159,0.0784933,0.30580643,0.7573299,0.045400858,0.01700455,0.14987576,0.37116742,0.013798416,0.004724264,0.21404216,0.53007555,0.025618732,0.009436905
9.5,0.32741034,0.8064276,0.018368006,0.049895346,0.045967937,0.11742926,0.076530576,0.15861881,0.1258673,0.18233424,0.1525929,0.16724813,0.15255727,0.37575597,0.006662369,0.019029737,0.017654538,0.045054436,0.029281855,0.0579471,0.04622066,0.059640646,0.053257465,0.05085075,0.22613466,0.55698067,0.012209773,0.033782363,0.03133303,0.0802964,0.05211115,0.10713452,0.08462131,0.12088078,0.10159993,0.112109184,0.32756034,0.8072231,0.16708285,0.14511496,0.15326506,0.37769863,0.057739615,0.042739928,0.22653255,0.5582553,0.111418426,0.09846032,0.33510095,0.8247385,0.05791968,0.02146262,0.1523999,0.37508118,0.015447974,0.005107403,0.22520944,0.5542774,0.037231207,0.012888312
9.75,0.36524555,0.8984641,0.024032772,0.06247002,0.057615995,0.14075965,0.09381008,0.18817186,0.15102792,0.2162646,0.18180043,0.20146632,0.16398606,0.40338776,0.0072287917,0.020207167,0.018818974,0.047082663,0.030855834,0.05990249,0.04781747,0.061284423,0.054628015,0.053218186,0.2788959,0.68605345,0.014873624,0.040622413,0.038315415,0.094744384,0.06264228,0.12607104,0.10071671,0.14654315,0.12197727,0.14300472,0.3655196,0.89938587,0.19817507,0.1783675,0.1645255,0.40482616,0.056692958,0.045146108,0.27962548,0.6880375,0.13569647,0.1321283,0.3810454,0.93896496,0.08665633,0.032012165,0.16511276,0.4068678,0.021054447,0.0065969825,0.28621167,0.7052775,0.06904322,0.024627686
10.0,0.3134697,0.7710881,0.024176419,0.06224966,0.05766207,0.13546771,0.091814995,0.17400134,0.14078331,0.18454665,0.16211557,0.16411948,0.16238277,0.39943707,0.008145273,0.021993458,0.020716727,0.04783231,0.032420874,0.057707608,0.046668887,0.054834545,0.050801814,0.046022296,0.2323487,0.5715427,0.015148163,0.04052961,0.037921727,0.0904398,0.061181605,0.11541295,0.09394628,0.11998296,0.10776973,0.1073305,0.31377295,0.7723085,0.17276984,0.14330947,0.16289483,0.400943,0.052419007,0.039315403,0.23287559,0.5731909,0.115219474,0.09539229,0.31892166,0.79191583,0.06295329,0.02240026,0.1543935,0.3833752,0.018982708,0.006113589,0.22455618,0.5575965,0.04541713,0.014735699
10.25,0.3454361,0.8502134,0.026458204,0.065993965,0.061054885,0.14137936,0.09610999,0.183299,0.14770055,0.20515919,0.17399848,0.19104296,0.17025761,0.4190509,0.010825276,0.027082562,0.025085747,0.055226624,0.037990868,0.06505096,0.052983046,0.061900496,0.05726272,0.05339265,0.24057831,0.5921295,0.017318606,0.043296337,0.040032744,0.0913499,0.062591255,0.11424023,0.09327465,0.1208213,0.106898606,0.11131734,0.3457304,0.8514767,0.18781823,0.16941065,0.17121711,0.42167938,0.05807942,0.04579866,0.24159767,0.59501505,0.114548266,0.1001246,0.35116896,0.8687248,0.084101856,0.028210819,0.16297236,0.40316245,0.024460852,0.0077632666,0.23789214,0.58849967,0.054996014,0.016716778
10.5,0.39109725,0.96060723,0.029367983,0.07258898,0.06711811,0.15357411,0.10475606,0.20129251,0.1624403,0.23471588,0.19497305,0.22439909,0.1806138,0.44362092,0.010157108,0.027066946,0.025489092,0.057643056,0.039320767,0.07046455,0.057362318,0.07285482,0.06460184,0.06517923,0.24602559,0.6042844,0.015112519,0.038888156,0.036068678,0.08455056,0.05707228,0.10894239,0.088133216,0.1207273,0.10397047,0.112523735,0.3913446,0.96210325,0.21422952,0.20256507,0.1812244,0.4455321,0.06796068,0.05676824,0.24668667,0.60646814,0.11385876,0.10180783,0.38110146,0.93661934,0.101432025,0.035704195,0.17504798,0.43020913,0.02776134,0.009436011,0.24906984,0.61213,0.060131073,0.018605292
10.75,0.43427804,1.0641012,0.037019074,0.08728671,0.080527365,0.17675817,0.12309158,0.23178214,0.18911636,0.27342314,0.2275449,0.26232195,0.1996418,0.48917755,0.011622727,0.030186474,0.028356552,0.06438887,0.044258058,0.08037752,0.0658406,0.08590394,0.07544315,0.07807845,0.27549744,0.6750449,0.019421518,0.047437966,0.043899357,0.09957391,0.068449974,0.12854433,0.10479653,0.14547491,0.1240747,0.13717574,0.43444568,1.0652353,0.24864,0.2370438,0.20018129,0.49083275,0.07996577,0.067873895,0.2768575,0.6788383,0.13626134,0.12346518,0.43644434,1.0754567,0.11717212,0.046640754,0.19242112,0.47415116,0.030214429,0.010900736,0.27596524,0.68001497,0.065841556,0.021643221
11.0,0.3890167,0.951213,0.038277924,0.09235096,0.08559942,0.18522632,0.13095385,0.23703462,0.1962443,0.26320463,0.22924936,0.24157572,0.1888289,0.46171927,0.012411177,0.031849623,0.029608846,0.065081775,0.04539317,0.078074336,0.064350665,0.0774439,0.07062346,0.066756725,0.28818595,0.70466447,0.022081792,0.056626797,0.053255737,0.1189881,0.082708,0.14971101,0.12293106,0.16186309,0.1414966,0.14919883,0.38995436,0.9542765,0.24540514,0.21156394,0.18942215,0.46354425,0.073394895,0.057240725,0.2884341,0.7058413,0.15216637,0.13157213,0.41443393,1.0247778,0.10140318,0.039362073,0.17679623,0.43716702,0.023667037,0.008016944,0.2836965,0.70150113,0.0622617,0.019858837
11.25,0.4109191,0.99998015,0.039111733,0.09398395,0.086633205,0.18679786,0.13181996,0.23595738,0.19539446,0.2652834,0.22852021,0.24986243,0.19726712,0.48005363,0.016097426,0.039927244,0.03683281,0.07603103,0.054116786,0.08603203,0.07193881,0.080103576,0.075910926,0.06831694,0.30126035,0.73312336,0.029050052,0.06940222,0.0645923,0.13326317,0.09577495,0.16060519,0.13427496,0.1681962,0.14997715,0.15454125,0.41175795,1.0032623,0.24707007,0.22275722,0.1983631,0.48331845,0.07652545,0.05847311,0.3019333,0.7356708,0.15880239,0.13732499,0.42317513,1.0393324,0.110019505,0.04191041,0.18368942,0.4511474,0.02675426,0.008646369,0.2875223,0.7061644,0.06442618,0.020865917
11.5,0.48665527,1.176668,0.04542017,0.10715097,0.09882921,0.21634912,0.15136093,0.28164798,0.23151445,0.32573003,0.2758199,0.30969024,0.19982192,0.48314294,0.015219152,0.038135707,0.035610974,0.07429159,0.05326891,0.086374104,0.073057115,0.08228952,0.0778082,0.070252955,0.3031854,0.7330622,0.025318086,0.061115682,0.057020247,0.12141615,0.08634961,0.15018243,0.124979556,0.16193199,0.14190376,0.15089971,0.48714074,1.1790583,0.2988116,0.27805692,0.20092489,0.48631153,0.07844192,0.059616685,0.30435684,0.7366546,0.15309882,0.13484555,0.5083778,1.2485104,0.1465205,0.060525894,0.19763121,0.48535678,0.027830541,0.009667575,0.30312887,0.74444544,0.06420559,0.022165537
11.75,0.5273261,1.2710061,0.046359837,0.110774875,0.101958215,0.227732,0.15750128,0.2981392,0.2425608,0.35007793,0.29060477,0.34093177,0.21029647,0.5068744,0.013674438,0.035473764,0.033344448,0.07264334,0.05097735,0.086844444,0.072282135,0.0842793,0.07831383,0.072199166,0.33529863,0.8081652,0.026984155,0.06662464,0.06224674,0.13698035,0.09589088,0.17404169,0.14308524,0.19403923,0.16644418,0.18337363,0.52773714,1.273703,0.3167869,0.31252474,0.21193115,0.5114996,0.0779956,0.060891747,0.3365949,0.81237775,0.17907369,0.16457689,0.54186887,1.3447591,0.1696896,0.07288635,0.19856563,0.49278146,0.027302146,0.009634793,0.32010773,0.79441315,0.07606733,0.026253283
12.0,0.4956593,1.1884921,0.047590494,0.11531556,0.105371,0.23312801,0.16268784,0.30003452,0.24694526,0.33989078,0.2896543,0.31897783,0.19133537,0.458784,0.014715314,0.035452902,0.032370746,0.06835276,0.048598647,0.07810265,0.0655157,0.07040751,0.06795949,0.05847895,0.30429128,0.72962976,0.027255237,0.06780821,0.06274927,0.1382311,0.09689957,0.17177409,0.14232576,0.18257272,0.16190273,0.16840917,0.49708202,1.1939814,0.3109902,0.28682512,0.1935539,0.4649127,0.06737214,0.050296426,0.3050202,0.73265266,0.17107075,0.14973706,0.51101327,1.2592149,0.14422363,0.059577703,0.17685886,0.4358073,0.021287262,0.007793665,0.28448653,0.70101833,0.06723118,0.023736596
12.25,0.4928759,1.1746358,0.047050357,0.11541593,0.10501641,0.23569793,0.16341233,0.30229837,0.2465707,0.33731514,0.28616112,0.3146363,0.20310351,0.48404205,0.014863789,0.037872016,0.035054326,0.074175596,0.05264014,0.08394033,0.0698697,0.07561618,0.07240814,0.06311226,0.30861172,0.73549217,0.026492476,0.06651878,0.061390042,0.13518488,0.09462309,0.16640508,0.13733804,0.17604119,0.15575808,0.16300279,0.4937589,1.1787271,0.30632102,0.2830004,0.20519464,0.48985142,0.072695434,0.055027008,0.31030846,0.74078465,0.16579568,0.14662033,0.5267801,1.2961209,0.14843786,0.05980009,0.1863569,0.4585235,0.023347378,0.009062469,0.29299122,0.7208929,0.068661034,0.024497092
12.5,0.4861383,1.1524563,0.04362917,0.10821223,0.09850168,0.22358263,0.15415078,0.28880227,0.23391277,0.32779574,0.27347463,0.3088367,0.21649653,0.51323414,0.016602635,0.042630494,0.039108157,0.084251165,0.05895859,0.096143186,0.07878387,0.08709329,0.08195341,0.07120204,0.30061492,0.71264815,0.024584532,0.06330097,0.058543265,0.13133001,0.0908066,0.16158223,0.1316706,0.1685589,0.14835852,0.15254706,0.4869569,1.1563624,0.29596335,0.27813298,0.21726134,0.5159242,0.082159996,0.060813606,0.3021585,0.71752703,0.15698469,0.13450092,0.5006901,1.2232615,0.13303727,0.052723825,0.19245605,0.47019914,0.022801578,0.008849859,0.28475416,0.69569737,0.057863593,0.020644665
12.75,0.50461817,1.1902058,0.04186654,0.10427874,0.09564465,0.21919781,0.15024298,0.2879243,0.23194677,0.33644897,0.27682245,0.32445717,0.22827823,0.5384231,0.017014384,0.04429841,0.04070252,0.09106058,0.0627715,0.10634738,0.08638352,0.09737235,0.09079498,0.079663515,0.32677346,0.7707366,0.024348378,0.06334925,0.058793902,0.13704044,0.09318733,0.17298156,0.13974303,0.18687195,0.16089559,0.1724276,0.50538087,1.193369,0.30244362,0.29729885,0.22958072,0.542115,0.089781106,0.06713748,0.32773373,0.77388626,0.17172247,0.15378213,0.51744777,1.2371637,0.14560825,0.054523885,0.2176384,0.5203507,0.028446853,0.011390448,0.31751332,0.7591412,0.065559626,0.022998333
13.0,0.42188,0.99222434,0.036171198,0.091517866,0.08423412,0.195117,0.13339734,0.25492483,0.20649248,0.28902656,0.24372679,0.26419502,0.19320224,0.45439455,0.013414741,0.035683453,0.032916546,0.07397854,0.050948977,0.08547896,0.069633186,0.07675356,0.07221955,0.06257105,0.31216094,0.73417485,0.024434865,0.06412214,0.059435844,0.1382767,0.094489336,0.17347437,0.14192623,0.18239653,0.1618405,0.16277218,0.42236784,0.9943971,0.2593019,0.23137778,0.19407244,0.45691234,0.07099408,0.05287546,0.31256065,0.73587376,0.16935158,0.14121461,0.44411165,1.06383,0.10653877,0.039503872,0.18760572,0.44939286,0.021901548,0.0077251196,0.3132648,0.750398,0.06419766,0.021428525
13.25,0.44859228,1.054698,0.03597206,0.09361243,0.0865531,0.20527571,0.1389975,0.27363288,0.22153336,0.319969,0.26630425,0.2969281,0.19445857,0.45719707,0.011577308,0.031461477,0.029057503,0.06753379,0.04601246,0.08137059,0.066274285,0.07911265,0.07193756,0.06717235,0.30642837,0.7204524,0.021805763,0.0570904,0.052883983,0.12409377,0.084615946,0.15864241,0.12939197,0.17230105,0.14970517,0.15514088,0.44884127,1.056372,0.2891243,0.26322943,0.19540763,0.45990235,0.07183665,0.05709803,0.30705053,0.72265995,0.15765256,0.1356315,0.4685903,1.1089082,0.11775482,0.041896284,0.18995504,0.44952422,0.024476647,0.008043051,0.29742828,0.7038572,0.05829978,0.01859945
13.5,0.45656225,1.0735074,0.036085665,0.09081817,0.08353144,0.19842255,0.13410491,0.26595598,0.21426243,0.3083576,0.25669068,0.28964484,0.20110488,0.47285464,0.0125335455,0.03286451,0.030180275,0.07043195,0.048204064,0.087304294,0.07162094,0.08764911,0.07943648,0.07568467,0.31515056,0.7410084,0.020930171,0.055274546,0.05152625,0.122537196,0.08316177,0.15949655,0.12991583,0.1778627,0.15262008,0.16740358,0.45677978,1.0750312,0.27904254,0.26215994,0.2018535,0.4750622,0.08279687,0.06577927,0.3153538,0.7421852,0.16609877,0.15194833,0.4722532,1.1280032,0.12639064,0.044864178,0.20981827,0.5011627,0.029926062,0.009441614,0.30884534,0.7376944,0.06589526,0.021878421
13.75,0.47356853,1.1126096,0.03801608,0.09641522,0.0891369,0.21323013,0.14384484,0.28535885,0.23002815,0.33075207,0.27682924,0.31618792,0.20679277,0.4858423,0.012752831,0.03436303,0.03191191,0.07357693,0.050596356,0.0895738,0.07371086,0.0905903,0.08200461,0.07937366,0.34179142,0.80301034,0.024302363,0.06233388,0.057920218,0.1357817,0.09273082,0.17737508,0.14455485,0.20343226,0.1719619,0.19655567,0.47375762,1.1141123,0.3029679,0.28926754,0.20779896,0.48867047,0.086411655,0.06977552,0.34253392,0.80551994,0.18723136,0.18096304,0.48005813,1.1445358,0.13858312,0.049244344,0.19803286,0.47214216,0.02846682,0.009417236,0.3389797,0.80818206,0.08657771,0.029317975
14.0,0.4003065,0.9378484,0.03465259,0.08796227,0.081656694,0.19240117,0.13083452,0.25247794,0.20559508,0.28230953,0.24300224,0.26312774,0.18794282,0.4403173,0.010954082,0.029678881,0.027785301,0.06392419,0.043741643,0.07684147,0.063078165,0.07442933,0.06888467,0.06496853,0.3648039,0.854672,0.031150818,0.07673794,0.071656406,0.16151702,0.11177206,0.2053827,0.16850895,0.22152537,0.19403988,0.2016027,0.4001891,0.93851966,0.26370233,0.23828244,0.1887893,0.44274688,0.07244253,0.057091713,0.3658395,0.8579634,0.20436305,0.17807579,0.4058812,0.9674122,0.11876488,0.043034256,0.19203758,0.45771888,0.025704563,0.0087381005,0.35777158,0.85274357,0.08115846,0.028719485
14.25,0.40967894,0.95671314,0.036356688,0.09063083,0.084526,0.1957025,0.13433689,0.25513983,0.2086134,0.2895851,0.24694753,0.2779402,0.18957557,0.44271117,0.012767196,0.033088148,0.030658424,0.06897026,0.047587216,0.08159262,0.06772405,0.079244435,0.07394856,0.06941372,0.3977308,0.92881095,0.037110806,0.090182304,0.084480524,0.18506598,0.13009405,0.23338449,0.19344062,0.25479192,0.2225107,0.23912805,0.41021523,0.9591707,0.26829708,0.25255615,0.19114654,0.44694138,0.07945418,0.06162989,0.39867526,0.93218774,0.23764092,0.21676075,0.41811597,1.0015292,0.12831533,0.04472965,0.18219362,0.43641534,0.023575842,0.007913947,0.42059284,1.0074621,0.1063633,0.03837341
14.5,0.41664276,0.9691807,0.035493553,0.08734512,0.08157694,0.187128,0.12828732,0.24413514,0.1982091,0.28738528,0.23831403,0.28401816,0.19913845,0.4632293,0.01410079,0.03750056,0.03482324,0.07819426,0.053824425,0.09148526,0.076135755,0.08825368,0.08284265,0.07737386,0.3909475,0.9094092,0.03334701,0.08265489,0.07727218,0.174635,0.12091613,0.22233671,0.18254507,0.25132835,0.2139808,0.24458987,0.41737905,0.9720895,0.26279926,0.2618028,0.20043987,0.46683106,0.08599031,0.06732279,0.3914933,0.91180074,0.23216695,0.22480714,0.4087408,0.9446168,0.12871385,0.042103708,0.1943049,0.4490466,0.027365744,0.009093761,0.37868145,0.8751484,0.10492301,0.03551382
14.75,0.4180076,0.96872604,0.029974818,0.076007485,0.07054722,0.16872233,0.11293846,0.2272203,0.18115515,0.2771796,0.22319949,0.28020173,0.19551489,0.45310265,0.012111127,0.033158243,0.030616999,0.073666155,0.04928142,0.09100187,0.07477057,0.092476726,0.085059285,0.081246555,0.38182655,0.88487697,0.026511133,0.069072366,0.064442396,0.15496618,0.104123,0.20487076,0.165708,0.24215007,0.20156908,0.24136311,0.41824487,0.9700374,0.25071663,0.26082295,0.19636005,0.45541883,0.091831684,0.07131547,0.38169438,0.88526565,0.22497606,0.22495675,0.42675078,0.9964222,0.13790548,0.047607183,0.19781733,0.4618845,0.03375727,0.011428058,0.38600037,0.90127385,0.1220482,0.04292959
15.0,0.3358571,0.77636546,0.024578452,0.064278364,0.05875373,0.14560944,0.09593034,0.19592023,0.15528601,0.23266065,0.19022208,0.22375947,0.19468844,0.45004076,0.01159358,0.030981421,0.028447926,0.06907076,0.04579407,0.08668214,0.069868505,0.088761866,0.079797685,0.07828039,0.28847432,0.6668357,0.019482851,0.05233556,0.048651636,0.12011987,0.07944834,0.16009128,0.1281026,0.18987846,0.1571998,0.1886844,0.33611518,0.77759385,0.21298897,0.20094466,0.19622599,0.4539638,0.08401102,0.068157494,0.28891486,0.6683971,0.17745739,0.17475694,0.34544328,0.8100912,0.10732949,0.035872042,0.19009425,0.4457857,0.03414005,0.010620356,0.28723466,0.6735875,0.09342879,0.031295657
15.25,0.3506182,0.8080912,0.023570955,0.06326127,0.05774355,0.1468181,0.095196605,0.20051485,0.15695906,0.24138343,0.19474089,0.23575205,0.19530195,0.45012435,0.010984898,0.030460477,0.028069913,0.06884825,0.04507476,0.08711094,0.06911069,0.09053284,0.07970333,0.081245184,0.27475262,0.63323915,0.01880467,0.05020106,0.046124816,0.11571962,0.07565045,0.15545171,0.12315488,0.18315315,0.15171355,0.1795063,0.3513345,0.8105607,0.218773,0.21355063,0.19647232,0.45327953,0.086520255,0.071582615,0.27524596,0.6350175,0.16965991,0.16347325,0.358227,0.8358762,0.11175597,0.038375974,0.1925382,0.4492629,0.035668075,0.011196911,0.26593477,0.6205242,0.08501899,0.027553976
15.5,0.37017933,0.85020137,0.022374868,0.06031263,0.05531329,0.14075685,0.09150964,0.19313383,0.15176821,0.2348671,0.18874568,0.23247176,0.1942842,0.44621804,0.010267854,0.028823078,0.026493669,0.06562632,0.043018997,0.084085405,0.06709713,0.09042436,0.07837832,0.082927346,0.28348517,0.6510884,0.018230498,0.049188852,0.045356512,0.113734365,0.07450026,0.1531474,0.12150329,0.18146431,0.1494155,0.17844844,0.37056357,0.8517672,0.2111417,0.2128467,0.19535072,0.44902775,0.08641583,0.07361269,0.28416467,0.653173,0.16696185,0.16227317,0.37628093,0.86869097,0.112475395,0.040365636,0.19229728,0.44394198,0.035167217,0.011037707,0.2828445,0.65298146,0.08191234,0.027619958
15.75,0.38578933,0.8857699,0.022188783,0.060048163,0.05510211,0.14143664,0.09153086,0.19584066,0.15318096,0.23998141,0.19125873,0.23842305,0.19774902,0.4540305,0.009869754,0.028260648,0.026315749,0.06641364,0.04355198,0.08668536,0.06938577,0.0953967,0.08211428,0.088059425,0.3061346,0.7028832,0.018535554,0.049582183,0.04579419,0.11645204,0.07609159,0.15913373,0.12579346,0.19073796,0.15552735,0.18701959,0.3861158,0.8872132,0.2158553,0.2209422,0.1986675,0.4564963,0.086485565,0.07623607,0.3067661,0.70488423,0.1719721,0.16903603,0.39728817,0.92412996,0.11262417,0.040275455,0.20243788,0.47088972,0.03963369,0.012687206,0.30309185,0.7050204,0.079016924,0.02603656
16.0,0.33967254,0.78016424,0.019760847,0.054513752,0.05004549,0.13032979,0.08391166,0.17898816,0.1404137,0.21333623,0.17390805,0.2061835,0.17939025,0.4120258,0.00892967,0.025090158,0.02309221,0.057724,0.037873805,0.07367754,0.059208512,0.07872486,0.068942845,0.07226694,0.28283283,0.64961404,0.01855874,0.051676333,0.04812014,0.12228674,0.0795427,0.16517782,0.1302734,0.19557196,0.16038251,0.19083852,0.33997294,0.7815709,0.1945917,0.18492913,0.1802601,0.4144037,0.07353729,0.0628553,0.2837717,0.65236866,0.17846817,0.17164367,0.34992793,0.8111201,0.08698398,0.031546652,0.17855786,0.41389057,0.029093325,0.0100079775,0.29101324,0.67455804,0.08775121,0.027819216
16.25,0.3507394,0.80434376,0.020504117,0.055477202,0.05062455,0.13236797,0.084813476,0.18377125,0.14364427,0.22329181,0.17983931,0.21937108,0.18312985,0.4199681,0.008892,0.02510637,0.023397028,0.059070706,0.038780928,0.0773741,0.06207168,0.08506352,0.073272526,0.07964641,0.27171695,0.62312317,0.016287208,0.04557538,0.042355537,0.11003506,0.07085258,0.15164405,0.11881572,0.18296307,0.14801216,0.17950737,0.35121742,0.8060051,0.20334774,0.19998097,0.18410073,0.42249084,0.07969493,0.071026504,0.27246585,0.625279,0.1668765,0.1622101,0.349764,0.810256,0.09440327,0.033497393,0.181746,0.42102903,0.032292962,0.010814011,0.27604884,0.63948905,0.078161895,0.025962472
16.5,0.3757586,0.8617893,0.021053076,0.05673951,0.052016318,0.13565832,0.086898685,0.18989074,0.1477012,0.2370764,0.18694544,0.23845983,0.1943279,0.4456843,0.010289133,0.028366208,0.02659583,0.06690121,0.044049025,0.08941603,0.071499646,0.101792455,0.08605039,0.096562505,0.3003085,0.68874717,0.017442822,0.04777831,0.044341385,0.117054224,0.07489616,0.16341704,0.12736034,0.1999324,0.15981913,0.19817495,0.3760083,0.8630713,0.21216077,0.21835756,0.19512556,0.44788182,0.09333378,0.085704744,0.3005021,0.689758,0.18132603,0.1805864,0.3807918,0.88541824,0.11071563,0.04015416,0.19590083,0.4555092,0.03882575,0.011840045,0.29901022,0.69525945,0.08812916,0.030556738
16.75,0.39948452,0.9160597,0.020715117,0.056141376,0.051584125,0.13535672,0.08646506,0.19165707,0.148709,0.24667192,0.19110239,0.25183105,0.21042927,0.4825363,0.01168865,0.032868743,0.030965507,0.07673955,0.050780714,0.10133487,0.08114451,0.115813136,0.09712201,0.11148995,0.31066027,0.7123765,0.018265665,0.049903512,0.046531796,0.120105684,0.07760042,0.16651142,0.13026583,0.2066989,0.16384476,0.20783162,0.3998073,0.9176087,0.22110331,0.23387325,0.21122275,0.4847831,0.109321356,0.10175407,0.31126475,0.71439224,0.1886102,0.19161189,0.3995591,0.92283237,0.118147135,0.043285787,0.20506415,0.4736216,0.04568523,0.013137281,0.3046317,0.7035855,0.09343451,0.031781018
17.0,0.33304378,0.7634362,0.018122315,0.050302625,0.045889676,0.12203485,0.077542484,0.17114228,0.13322222,0.21088934,0.16828322,0.20656848,0.19301592,0.44245034,0.009580016,0.028162599,0.02660799,0.068712056,0.044734836,0.092116535,0.07348877,0.10493177,0.08881354,0.098707855,0.25123188,0.57589877,0.01522249,0.043385625,0.04044491,0.106321335,0.06829429,0.14718837,0.115416944,0.17765677,0.14382833,0.1723522,0.3334002,0.7648214,0.18946248,0.18565178,0.19329172,0.44341204,0.09635329,0.08651948,0.25182125,0.577679,0.16052926,0.15315855,0.34402823,0.7962282,0.095997214,0.033218503,0.19521973,0.45182177,0.043804586,0.012339175,0.260108,0.60200095,0.080029964,0.02641499
17.25,0.33637887,0.77260333,0.018927455,0.05150169,0.046267033,0.123728156,0.07828528,0.17348796,0.1345936,0.21134984,0.16925764,0.20591629,0.19190615,0.4407748,0.009564877,0.027084172,0.024845183,0.06790334,0.043015182,0.09326774,0.0729413,0.106802344,0.08916426,0.10026455,0.25801274,0.59261006,0.013676345,0.039758325,0.036931574,0.10086554,0.0634557,0.14280266,0.110099494,0.17503965,0.13973278,0.16961968,0.3370068,0.77468145,0.18839449,0.18485141,0.19236189,0.4421845,0.09832507,0.08760816,0.2587492,0.59478974,0.15685332,0.14985079,0.34632683,0.8057001,0.09484005,0.034662127,0.19427498,0.45196432,0.04153937,0.012104392,0.2549377,0.5930911,0.06724334,0.02232182
17.5,0.35907063,0.8256599,0.018739104,0.052072763,0.047133684,0.12758774,0.079907656,0.18146956,0.13884091,0.22889787,0.17706263,0.22858024,0.19567399,0.4499398,0.008836448,0.02605182,0.024177194,0.06724399,0.042061925,0.092889845,0.07135165,0.10832417,0.08782351,0.102829695,0.27705154,0.63706225,0.013785481,0.039073765,0.036274195,0.10030556,0.062550664,0.14355516,0.10969025,0.18081582,0.14107054,0.1799351,0.3596688,0.8278696,0.20115745,0.20698935,0.19624013,0.45169678,0.097792745,0.090369284,0.27775908,0.6393335,0.16066366,0.16131812,0.3726182,0.8710571,0.104736686,0.03876078,0.19491416,0.4556443,0.04088056,0.012008429,0.2742852,0.6411873,0.07523185,0.025754571
17.75,0.37604904,0.86246157,0.01925248,0.05138874,0.045853376,0.12522972,0.07787138,0.17967868,0.13590908,0.2300266,0.17426467,0.23154539,0.20151345,0.4621674,0.009257615,0.02660501,0.024415135,0.06650704,0.041573167,0.09091467,0.06890428,0.106310904,0.08476043,0.10179067,0.2914444,0.66842234,0.014301002,0.039753377,0.036718965,0.10030776,0.06269288,0.14293414,0.10858095,0.18000609,0.13899171,0.17909092,0.3765709,0.8646419,0.20020622,0.21229261,0.20260403,0.46519774,0.09630221,0.09083873,0.29226828,0.6710752,0.15824091,0.16144145,0.3862994,0.90457034,0.10572678,0.03719151,0.20040381,0.4692716,0.044603705,0.011675,0.28860655,0.67580986,0.0785681,0.024339914
18.0,0.30754608,0.7026626,0.014673293,0.041035414,0.03631693,0.101976514,0.062323987,0.14651638,0.10969311,0.18292296,0.13987333,0.17514712,0.18289019,0.4178564,0.008175671,0.02340573,0.021300793,0.05777675,0.035966516,0.07744622,0.058754623,0.0869655,0.07089478,0.08095497,0.23261973,0.5314754,0.010641634,0.03166014,0.029144466,0.08384186,0.05094254,0.12181032,0.09036642,0.15715712,0.118086636,0.15709424,0.30839044,0.7053747,0.15872616,0.1554231,0.1835935,0.4199294,0.07914704,0.07140988,0.23331265,0.53365093,0.13780814,0.13996863,0.31595376,0.7336308,0.06848651,0.022959292,0.1706628,0.39627156,0.03151679,0.008632898,0.22624014,0.5253197,0.056575656,0.013902307
18.25,0.3143843,0.71643674,0.013980448,0.038808107,0.034329534,0.09711981,0.059120715,0.1401493,0.10442424,0.17791164,0.13443655,0.173536,0.18607742,0.42404374,0.0068312287,0.021087468,0.019609153,0.054784596,0.033777893,0.07509154,0.056860387,0.08616501,0.06980765,0.080337286,0.23114748,0.52675194,0.00993228,0.029280722,0.026895821,0.078069985,0.047092855,0.113506496,0.083545685,0.14437896,0.108772755,0.1424877,0.31497315,0.71846944,0.15288764,0.15340555,0.18669803,0.4258675,0.077922165,0.070766985,0.2319196,0.52902013,0.12413329,0.12457019,0.32075077,0.74043775,0.06451696,0.020081222,0.18246277,0.4212065,0.03384143,0.008599997,0.2217007,0.5117854,0.05273056,0.011949897
18.5,0.32945305,0.75031555,0.014359713,0.039866447,0.035856605,0.09878516,0.061032116,0.14196014,0.106725335,0.18298525,0.1378513,0.18239439,0.18860933,0.42954987,0.0075876117,0.0211159,0.019232571,0.052576125,0.03292942,0.072220266,0.0553447,0.08453953,0.06837618,0.08082223,0.23808728,0.5422338,0.010656536,0.030380368,0.027852297,0.079288244,0.048288286,0.114319205,0.0846867,0.14384097,0.108649015,0.14260858,0.33021012,0.7526981,0.15947741,0.1639368,0.1891496,0.43115747,0.07540625,0.07056898,0.23882481,0.5443897,0.12347978,0.12582392,0.33949086,0.7852294,0.0750258,0.022390485,0.18711053,0.4327795,0.03395945,0.008183777,0.23824836,0.55105937,0.054972053,0.012766659
18.75,0.35687962,0.8136709,0.016884267,0.04670912,0.042462528,0.11417514,0.0714522,0.1628682,0.12367231,0.21018893,0.15878421,0.21040034,0.18703711,0.42643693,0.006826997,0.019958854,0.018678665,0.049650133,0.031568587,0.06763852,0.05236125,0.07917011,0.064065754,0.07644361,0.24664375,0.56233764,0.0109725,0.03156346,0.029209554,0.08243048,0.050636828,0.11890507,0.08873254,0.15170676,0.11384529,0.15284252,0.3574514,0.8156352,0.18284386,0.19162774,0.18768257,0.42825544,0.07332742,0.069298625,0.24761647,0.56501305,0.1307888,0.13732064,0.35954654,0.8282576,0.08156681,0.024068058,0.18366426,0.42309216,0.029937088,0.0075508356,0.23556593,0.54265374,0.0581913,0.012084305
19.0,0.34315172,0.78510636,0.018627584,0.049423218,0.04385799,0.1155411,0.07231408,0.16235083,0.12285578,0.20360726,0.15471017,0.19948667,0.15973991,0.3654734,0.006715417,0.018887103,0.017751694,0.043695092,0.028922915,0.05662644,0.04493177,0.06194067,0.05202478,0.0573833,0.23145588,0.52955437,0.011147201,0.031647503,0.02918762,0.08001232,0.049981177,0.11265081,0.08589214,0.13712955,0.108169556,0.13283318,0.34363326,0.7869992,0.17601442,0.18245882,0.1605326,0.36765656,0.055846572,0.0504629,0.2322197,0.5318365,0.1210832,0.11840689,0.3448066,0.80067754,0.075454175,0.023267627,0.16437481,0.38169575,0.0215801,0.0062345862,0.230045,0.5341889,0.045624673,0.010509908
19.25,0.35111475,0.8054343,0.020326376,0.05290878,0.04671806,0.121747255,0.0765183,0.16999489,0.12809956,0.20997286,0.15890044,0.20718318,0.16427152,0.37682813,0.0075645447,0.02006793,0.018492162,0.045449436,0.029911399,0.058414042,0.04537177,0.06229037,0.05204487,0.05751568,0.2504772,0.5745783,0.012898505,0.035087407,0.031961083,0.08643317,0.05427879,0.120931804,0.09187722,0.14489836,0.113738,0.1404264,0.35212985,0.80877155,0.17805201,0.18941593,0.16611257,0.38152722,0.056377113,0.05121416,0.2514989,0.5776425,0.12647426,0.12508124,0.36843488,0.8702039,0.08435625,0.027260602,0.16241941,0.38361734,0.022028506,0.0061864257,0.25658506,0.6060266,0.05267489,0.014102161
19.5,0.35582414,0.81650835,0.020455718,0.052122116,0.0457291,0.11831415,0.07439709,0.16379112,0.12239462,0.20282263,0.15157598,0.20248616,0.17829706,0.4091376,0.010208368,0.026393175,0.024314582,0.056382835,0.037560046,0.068903685,0.053477824,0.070661426,0.059836924,0.064612925,0.26207322,0.60137844,0.013678968,0.037296176,0.034253657,0.08863014,0.0564664,0.120321095,0.09112251,0.14247137,0.11119974,0.13897419,0.35703787,0.8206312,0.17245215,0.18681443,0.1800081,0.41373837,0.064029455,0.057567656,0.26346382,0.6055566,0.12692672,0.12638563,0.37865388,0.895598,0.085626245,0.026755393,0.16412312,0.3881865,0.021794796,0.006116092,0.27108777,0.64118093,0.053022265,0.014818966
19.75,0.354831,0.8143067,0.018541873,0.048737288,0.042898893,0.1131261,0.07035893,0.15816367,0.11708361,0.19960117,0.14704454,0.20144898,0.18866804,0.43297693,0.0108110905,0.02845949,0.025957525,0.06124872,0.04012257,0.0756228,0.058181643,0.079084635,0.066333175,0.07236117,0.26370502,0.6051803,0.013302207,0.036810517,0.03368652,0.08816975,0.05549574,0.11994374,0.08982164,0.14413953,0.110814154,0.1429829,0.35611928,0.81855756,0.16794038,0.18630081,0.19057919,0.4380556,0.07244742,0.064177215,0.26500213,0.60912037,0.12739235,0.13093722,0.376364,0.8881445,0.086295664,0.025746942,0.1741721,0.4110117,0.024335861,0.007019937,0.26570743,0.6270169,0.058473945,0.014874041
20.0,0.30463895,0.6985948,0.015916646,0.043146253,0.037937164,0.10199708,0.06288481,0.14231753,0.10528672,0.17568076,0.13194102,0.17001897,0.16716139,0.3833327,0.00869596,0.02378118,0.021553993,0.052339494,0.033634007,0.064762115,0.049158752,0.067801714,0.056213617,0.06063199,0.21093059,0.48370376,0.010604143,0.029929996,0.027225912,0.07195717,0.0448488,0.09667522,0.07207078,0.11105353,0.08743864,0.10229397,0.3054312,0.7013795,0.15149629,0.15345687,0.16820681,0.3862631,0.0595662,0.05197072,0.21196353,0.48674423,0.09663516,0.088966966,0.31873596,0.7440851,0.06461024,0.020230234,0.1513118,0.35323548,0.018388867,0.0050825477,0.20786156,0.4852502,0.035453558,0.008968115
20.25,0.29678774,0.67982537,0.013381422,0.03747797,0.033212125,0.09158796,0.056011558,0.13007993,0.09647161,0.16389823,0.12318009,0.16161251,0.15940285,0.36512995,0.007142544,0.019956827,0.018021166,0.04674709,0.029203594,0.060691,0.045559585,0.067037046,0.054345727,0.06136465,0.20743346,0.47514942,0.008680642,0.025355875,0.023116112,0.06381035,0.039127707,0.08821517,0.06576067,0.103978574,0.081881225,0.09723979,0.29748765,0.68220073,0.14188927,0.14602041,0.15993795,0.3667708,0.05940813,0.05334246,0.2084305,0.47797427,0.091308,0.084071696,0.30940276,0.71921694,0.06533128,0.019806325,0.15290661,0.35543647,0.017008483,0.005139649,0.2063857,0.47975037,0.033829153,0.009055853
20.5,0.28832492,0.6610064,0.012377381,0.034507573,0.030658543,0.084958255,0.052042663,0.121282816,0.09054464,0.155213,0.11674529,0.15539992,0.15126483,0.34678593,0.005542457,0.017294884,0.01617539,0.043767333,0.027256906,0.05819863,0.044425845,0.064849555,0.053394675,0.060554504,0.20134783,0.46160492,0.0072639585,0.0212183,0.019396067,0.054394066,0.033295095,0.07589537,0.05689758,0.09053582,0.07120782,0.08651525,0.28895682,0.66305226,0.13409269,0.1396966,0.15177342,0.34826556,0.05730331,0.052675605,0.20239812,0.46443108,0.080976546,0.07603508,0.29249257,0.6770365,0.060920537,0.017900348,0.14558472,0.3369869,0.022613943,0.006092608,0.2024777,0.46867785,0.032348156,0.008654892
20.75,0.2902556,0.6678025,0.012670457,0.034580648,0.030612528,0.084878445,0.05211723,0.121888876,0.091474295,0.15603334,0.11785185,0.15495533,0.14597559,0.33585182,0.004850924,0.015625358,0.014743745,0.040508986,0.025300741,0.054635167,0.04212475,0.06133282,0.050984204,0.057367563,0.21037719,0.4840231,0.007393956,0.02132994,0.019414067,0.05542648,0.033857048,0.079300106,0.059580088,0.099072754,0.076150715,0.09898788,0.29078072,0.6694953,0.13351274,0.13760072,0.14666605,0.3376848,0.056814373,0.05076456,0.21128322,0.48645976,0.08767122,0.08932662,0.29942068,0.6954772,0.057923794,0.018850684,0.1412857,0.32817033,0.02001673,0.005429983,0.21620367,0.5021855,0.03809166,0.010126114
21.0,0.2483026,0.57345057,0.011715651,0.03235644,0.028669596,0.079393625,0.049046755,0.11276156,0.08568752,0.13838023,0.10816562,0.13309497,0.14183378,0.3275627,0.005231321,0.015063882,0.013800323,0.037065327,0.023480296,0.049576104,0.03872651,0.055773497,0.046533287,0.0529384,0.16914426,0.39063576,0.0063264966,0.019456506,0.018061161,0.05166197,0.03162563,0.07271367,0.05517578,0.08678126,0.069387496,0.08350158,0.24876094,0.5749072,0.12309879,0.1176582,0.14219607,0.32862693,0.05101198,0.046971858,0.16990845,0.39267254,0.08186072,0.0744766,0.25972676,0.6076086,0.049233258,0.015674114,0.13959149,0.32656237,0.019837081,0.0050126314,0.16345425,0.38238728,0.030031204,0.006924689
21.25,0.25772682,0.5960378,0.0109939575,0.030726552,0.02737534,0.07561779,0.046617985,0.10677433,0.08090073,0.13083082,0.10222769,0.12739903,0.14177804,0.32788622,0.0050019026,0.014235437,0.012918234,0.034681678,0.02179563,0.04666263,0.036048293,0.053734124,0.043938637,0.05118054,0.16698371,0.3861787,0.0065439343,0.018963873,0.017220676,0.049278677,0.030083299,0.06977308,0.05269122,0.08592278,0.06721479,0.08433294,0.2583532,0.5978928,0.11478484,0.11278415,0.14224009,0.3291785,0.04710412,0.044105887,0.16778919,0.38830543,0.07750547,0.07455081,0.27158037,0.6365643,0.051152647,0.01662761,0.14140952,0.33145347,0.017761469,0.0048415065,0.16754635,0.39271626,0.031226993,0.007094085
21.5,0.27379623,0.6341236,0.010366082,0.029473662,0.026264846,0.07286179,0.044723988,0.10299134,0.077806056,0.12894446,0.09925705,0.1301611,0.14788407,0.34250575,0.0043427944,0.0137351155,0.012737453,0.035377204,0.02186364,0.048373222,0.036990523,0.055683017,0.045396566,0.052741826,0.17338526,0.40156758,0.005748868,0.018219113,0.016971946,0.048450112,0.029567659,0.068383634,0.051461577,0.0842247,0.06543547,0.08390796,0.27445146,0.63610244,0.11454034,0.11902654,0.14838815,0.3439226,0.0482381,0.04511869,0.17395517,0.40317988,0.07551587,0.07478392,0.2811182,0.6581355,0.047568023,0.015857935,0.14706957,0.34430963,0.020106792,0.005163431,0.16835837,0.39414954,0.027472436,0.00647825
21.75,0.2915951,0.67705524,0.010000229,0.027707398,0.024633288,0.06871086,0.041964114,0.098869145,0.0741722,0.12951517,0.09686077,0.13537121,0.15473971,0.35929045,0.0046064854,0.014269114,0.0132290125,0.03648579,0.022687972,0.049272478,0.03791517,0.055455744,0.04592651,0.052910745,0.17669237,0.41026238,0.005839467,0.017498732,0.016094625,0.04565656,0.028035939,0.064410806,0.048744738,0.079925716,0.0621956,0.08149469,0.29223838,0.6790123,0.11381149,0.12500167,0.15521894,0.36064932,0.050221384,0.047034502,0.17744514,0.41229162,0.07370561,0.074374616,0.30236417,0.7103617,0.059913337,0.019318402,0.15223886,0.3576636,0.017997742,0.0052907467,0.17167008,0.40331447,0.030204535,0.0067597628
22.0,0.2215702,0.51625955,0.009089649,0.02671957,0.023695052,0.06515986,0.040232122,0.09340483,0.07063329,0.12153363,0.091459274,0.12456548,0.13436511,0.3130713,0.0035595298,0.011541307,0.01079762,0.030052364,0.01852715,0.041509867,0.031610727,0.048734963,0.03938228,0.047151208,0.164847,0.38409424,0.005702257,0.017882824,0.016635835,0.04757166,0.02914387,0.068532765,0.051947296,0.08699036,0.06768656,0.08855569,0.22240317,0.51858485,0.108332336,0.1143049,0.13472185,0.3141354,0.045031965,0.042633116,0.1653553,0.38556445,0.07946557,0.08069748,0.2324236,0.5485646,0.047581136,0.012306988,0.13070421,0.30848718,0.019153059,0.004683435,0.15921064,0.3757679,0.034757495,0.0071876645
22.25,0.25407085,0.5940051,0.010263741,0.029090464,0.025649905,0.07249367,0.044007897,0.10637665,0.07886696,0.1399818,0.10270488,0.14166272,0.13648936,0.3191054,0.0038393736,0.011348665,0.010412633,0.028615654,0.017677724,0.03943193,0.02969855,0.046315312,0.036741972,0.04527712,0.1602194,0.37458506,0.00486964,0.0153948665,0.014382899,0.041014433,0.025081038,0.05908835,0.044526875,0.07449019,0.057778895,0.07519293,0.2547774,0.5961437,0.11680257,0.12564963,0.13702205,0.32061258,0.04245442,0.04157889,0.161052,0.3768393,0.068975925,0.068667054,0.2665864,0.63104963,0.055979908,0.014755011,0.13303629,0.31491667,0.01594007,0.0039975643,0.15588985,0.36901447,0.03301519,0.0067301393
22.5,0.2704535,0.63393897,0.009941816,0.02837801,0.025173604,0.071872175,0.043185294,0.10596943,0.07761675,0.14016992,0.10099912,0.14231282,0.13991877,0.3279675,0.0037147999,0.010990977,0.010162115,0.0268991,0.016745508,0.03660369,0.02741009,0.044362724,0.03423214,0.04433644,0.16772488,0.39314458,0.0054917336,0.015354812,0.013880193,0.039110124,0.023883462,0.056310654,0.042007267,0.07296759,0.055093348,0.07528067,0.2712627,0.63645685,0.1184513,0.129161,0.14072178,0.33017197,0.040182114,0.04012066,0.16865951,0.39572155,0.06406158,0.067400396,0.28307658,0.6735189,0.060322285,0.016555548,0.1359285,0.32341215,0.017075002,0.004204452,0.1633665,0.38869488,0.03646493,0.007285714
22.75,0.2792142,0.65630174,0.009982884,0.027014315,0.023425996,0.06709242,0.040048182,0.09881008,0.071382284,0.13041097,0.09237045,0.13429439,0.1430367,0.33621222,0.0038704872,0.010998249,0.010030448,0.026910186,0.016583204,0.036885083,0.027165592,0.045010805,0.03399521,0.045146048,0.18682244,0.439132,0.006040454,0.016125381,0.014357865,0.0410313,0.024760723,0.059524775,0.043424547,0.07670367,0.05661416,0.07893628,0.2800402,0.65887874,0.108454525,0.12410188,0.14377828,0.33828163,0.039169073,0.040180743,0.1878198,0.44190252,0.06632352,0.07134038,0.29548225,0.7049124,0.058865488,0.017831564,0.1369057,0.32660684,0.016815603,0.0043671727,0.18198961,0.43416056,0.03612137,0.008156598
23.0,0.21877362,0.51607096,0.008258283,0.023825586,0.02065599,0.05961919,0.03544748,0.08617908,0.061554134,0.10888493,0.07764709,0.105710626,0.121056825,0.28556418,0.0036031604,0.010760248,0.009863496,0.026414573,0.01618725,0.03545499,0.02565378,0.041186273,0.03129065,0.039311588,0.14590088,0.34416947,0.0050086975,0.01476568,0.013324678,0.03760928,0.022651851,0.05310011,0.03810221,0.06543559,0.04820907,0.064262986,0.21971452,0.5187957,0.09047294,0.09423709,0.12176053,0.28750417,0.035653472,0.034274995,0.1466681,0.3463166,0.055128634,0.055717707,0.23567216,0.56549263,0.036129236,0.010952771,0.118333265,0.2839393,0.012134969,0.0030549169,0.14759502,0.35415253,0.02549833,0.0056241155
23.25,0.22878872,0.541191,0.008147359,0.023160517,0.019832492,0.05722493,0.03394246,0.082996905,0.05928868,0.105172634,0.07494742,0.101768374,0.11856257,0.28045523,0.0034403205,0.010157704,0.009085,0.024441957,0.014817774,0.03276205,0.02330625,0.037838817,0.028306127,0.03586036,0.14361393,0.33971328,0.0045083165,0.013348937,0.012090981,0.034394443,0.0204764,0.048965096,0.034638703,0.061935067,0.044433177,0.06201482,0.22985733,0.54424155,0.08491385,0.0894447,0.11914574,0.2821057,0.032345116,0.031482875,0.14452115,0.34218797,0.052639842,0.055434823,0.24364236,0.58402836,0.035243094,0.011024892,0.11562796,0.27716857,0.012586594,0.0027127862,0.14022265,0.33612382,0.024423063,0.004828155
23.5,0.2575023,0.61075526,0.008156955,0.02296096,0.019769847,0.056669056,0.03364396,0.08281243,0.059211254,0.10661721,0.07531524,0.10539514,0.11599696,0.2751267,0.0027127862,0.008594513,0.0077577233,0.021204293,0.01273638,0.029181242,0.020600796,0.03541118,0.025635362,0.034573257,0.14242345,0.33780622,0.0036834478,0.0117483735,0.010764003,0.030472457,0.01815945,0.043150425,0.03055507,0.053951025,0.038814723,0.053561747,0.25833303,0.61330956,0.08420336,0.09379047,0.11672322,0.27711308,0.028533995,0.030156553,0.14327142,0.34014127,0.043596566,0.046984076,0.26852947,0.6444381,0.040690005,0.01360476,0.113154344,0.27155668,0.00988555,0.002343595,0.13915409,0.3339529,0.020303369,0.004020691
23.75,0.2833762,0.6743532,0.008625388,0.023610115,0.020313978,0.057979286,0.034346938,0.08550143,0.061058402,0.11295158,0.079051495,0.1148867,0.117337964,0.27923036,0.0023577213,0.007575631,0.006854892,0.019444466,0.011418581,0.02757144,0.018976986,0.034583747,0.024164677,0.034521043,0.1499206,0.35676757,0.004212737,0.011738956,0.010315657,0.029661655,0.017467618,0.042758107,0.029957712,0.055125177,0.03875065,0.056218803,0.2841661,0.67685676,0.090285,0.10388994,0.11799813,0.28106037,0.028162062,0.031012952,0.1509153,0.35946596,0.044912696,0.05104196,0.2959433,0.71428597,0.044821024,0.016342938,0.11486041,0.277226,0.013718426,0.0028859377,0.14546509,0.35109317,0.018586218,0.0040659904
